title,company,reward,link
Flutter App 개발자,제네시스네스트,합격보상금 100만원,https://www.wanted.co.kr/wd/226325
프론트엔드(Flutter) 개발자,컨두잇,합격보상금 100만원,https://www.wanted.co.kr/wd/199372
Flutter 개발자,엔코위더스,합격보상금 100만원,https://www.wanted.co.kr/wd/224483
플러터 개발자 (3년 이상),다이노즈,합격보상금 100만원,https://www.wanted.co.kr/wd/203296
Flutter 앱 개발자,테일크루(Talecrew),합격보상금 100만원,https://www.wanted.co.kr/wd/226057
Flutter 모바일 개발자,헥슬란트,합격보상금 100만원,https://www.wanted.co.kr/wd/224847
React Typescript / Flutter 개발자,에이로직,합격보상금 100만원,https://www.wanted.co.kr/wd/226170
모바일/웹 클라이언트(flutter) 개발자(1년),스쿨버스,합격보상금 100만원,https://www.wanted.co.kr/wd/201909
Flutter App 개발자,제네시스네스트,합격보상금 100만원,https://www.wanted.co.kr/wd/226325
프론트엔드(Flutter) 개발자,컨두잇,합격보상금 100만원,https://www.wanted.co.kr/wd/199372
Flutter 개발자,엔코위더스,합격보상금 100만원,https://www.wanted.co.kr/wd/224483
플러터 개발자 (3년 이상),다이노즈,합격보상금 100만원,https://www.wanted.co.kr/wd/203296
Flutter 앱 개발자,테일크루(Talecrew),합격보상금 100만원,https://www.wanted.co.kr/wd/226057
Flutter 모바일 개발자,헥슬란트,합격보상금 100만원,https://www.wanted.co.kr/wd/224847
React Typescript / Flutter 개발자,에이로직,합격보상금 100만원,https://www.wanted.co.kr/wd/226170
모바일/웹 클라이언트(flutter) 개발자(1년),스쿨버스,합격보상금 100만원,https://www.wanted.co.kr/wd/201909
"프론트엔드 ( Flutter, Next js ) 개발자 JD",용감한파커들,합격보상금 100만원,https://www.wanted.co.kr/wd/214491
Flutter 앱 개발자,비사이드코리아,합격보상금 100만원,https://www.wanted.co.kr/wd/120367
플러터 개발자 (3년 이상),더블유클럽,합격보상금 100만원,https://www.wanted.co.kr/wd/73811
Flutter 개발자,코보시스,합격보상금 100만원,https://www.wanted.co.kr/wd/99737
크로스플랫폼 앱 개발자(Flutter) (SW팀),이노버스,합격보상금 100만원,https://www.wanted.co.kr/wd/214854
플러터 개발자,비밀리,합격보상금 100만원,https://www.wanted.co.kr/wd/170344
[600억↑투자] Mobile (Flutter) 개발자 (4년 이상),큐픽스,합격보상금 100만원,https://www.wanted.co.kr/wd/207359
Flutter 개발자 (iOS/Android),네이션에이,합격보상금 100만원,https://www.wanted.co.kr/wd/222075
"Staff, Flutter Engineer (Coupang Eats)",쿠팡,합격보상금 100만원,https://www.wanted.co.kr/wd/226412
Flutter 개발자,섬재,합격보상금 100만원,https://www.wanted.co.kr/wd/225732
Flutter 모바일 개발,버터플라잉,합격보상금 100만원,https://www.wanted.co.kr/wd/215084
렌탈 서비스 개발 프로젝트 Flutter 개발자 (고급),이그레브,합격보상금 100만원,https://www.wanted.co.kr/wd/226388
Front-end 개발자(Flutter/앱) (7년이상),먼슬리키친,합격보상금 100만원,https://www.wanted.co.kr/wd/216792
Flutter 교육 콘텐츠 제작자,엘리스,합격보상금 100만원,https://www.wanted.co.kr/wd/197773
Flutter 개발자 (병역특례_현역/보충역),넛지헬스케어(캐시워크),합격보상금 100만원,https://www.wanted.co.kr/wd/168259
모바일 앱 소프트웨어 개발 (Flutter / iOS / Android),블록체인랩스,합격보상금 100만원,https://www.wanted.co.kr/wd/138923
"프론트엔드 개발 엔지니어 (React, Flutter)",크로커스,합격보상금 100만원,https://www.wanted.co.kr/wd/223111
"프론트엔드 / 모바일 (Vue, Flutter) 엔지니어",드래프티파이,합격보상금 100만원,https://www.wanted.co.kr/wd/220132
Flutter 개발자,블리몽키즈,합격보상금 100만원,https://www.wanted.co.kr/wd/222392
Flutter 개발자 (신입),파마브로스,합격보상금 100만원,https://www.wanted.co.kr/wd/225137
Flutter 애플리케이션 개발,코리아런드리,합격보상금 100만원,https://www.wanted.co.kr/wd/224862
플랫폼 Flutter 개발자,브랜드엑스피트니스,합격보상금 100만원,https://www.wanted.co.kr/wd/223609
Flutter 모바일 개발,인피니티익스체인지코리아,합격보상금 100만원,https://www.wanted.co.kr/wd/222156
"Flutter 앱 개발자 (Flutter, AOS, IOS)",유리프트,합격보상금 100만원,https://www.wanted.co.kr/wd/224312
플러터 개발자,모노리스,합격보상금 100만원,https://www.wanted.co.kr/wd/194856
Flutter(Android) 엔지니어 (전문연 가능),아이엠랩(I.M.LAB),합격보상금 100만원,https://www.wanted.co.kr/wd/220299
프론트엔드 개발자 (Flutter),111퍼센트,합격보상금 100만원,https://www.wanted.co.kr/wd/218337
Flutter 앱 개발자 (3년 이상),에픽코퍼레이션,합격보상금 100만원,https://www.wanted.co.kr/wd/223522
Flutter 개발,개념원리,합격보상금 100만원,https://www.wanted.co.kr/wd/167521
프론트엔드(web/플러터) 엔지니어 (제주본사/판교근무),피플밤,합격보상금 100만원,https://www.wanted.co.kr/wd/220848
플러터 개발자,피에트(FIET),합격보상금 100만원,https://www.wanted.co.kr/wd/209183
Flutter 앱 개발자,엘에스엠케이(LSMK),합격보상금 100만원,https://www.wanted.co.kr/wd/214936
[500억↑투자] 프론트엔드 개발자 (React-native / flutter),아파트멘터리,합격보상금 100만원,https://www.wanted.co.kr/wd/165183
플러터 개발자 (2년 이상),한국모바일결제,합격보상금 100만원,https://www.wanted.co.kr/wd/215537
아파트사업본부 APP(아보카도)개발 - Junior (flutter),더즌(dozn),합격보상금 100만원,https://www.wanted.co.kr/wd/207323
클라이언트팀 Flutter 개발자,로완,합격보상금 100만원,https://www.wanted.co.kr/wd/209205
React Native 앱 개발자,샤플,합격보상금 100만원,https://www.wanted.co.kr/wd/225287
React Native 개발자 (1년 이상),에임메드,합격보상금 100만원,https://www.wanted.co.kr/wd/226492
Front-End Senior 개발자 (React 기반),오픈플랜,합격보상금 100만원,https://www.wanted.co.kr/wd/208585
Frontend (React / Angular) 개발자(3년 이상),디앤에스에버(DNSEver),합격보상금 100만원,https://www.wanted.co.kr/wd/225951
프론트엔드 개발자 (React Native),서플라이스,합격보상금 100만원,https://www.wanted.co.kr/wd/173444
React/React-native 개발자 (주임-전임연구원급/팀장급),인비저블아이디어,합격보상금 100만원,https://www.wanted.co.kr/wd/225161
[1900억↑투자] 시니어 웹 프론트엔드 엔지니어(React),피에프씨테크놀로지스,합격보상금 100만원,https://www.wanted.co.kr/wd/224237
프론트엔드 엔지니어 (React.js / 5년 이상),매스어답션,합격보상금 100만원,https://www.wanted.co.kr/wd/226171
React Native 앱 개발자,샤플,합격보상금 100만원,https://www.wanted.co.kr/wd/225287
React Native 개발자 (1년 이상),에임메드,합격보상금 100만원,https://www.wanted.co.kr/wd/226492
Front-End Senior 개발자 (React 기반),오픈플랜,합격보상금 100만원,https://www.wanted.co.kr/wd/208585
Frontend (React / Angular) 개발자(3년 이상),디앤에스에버(DNSEver),합격보상금 100만원,https://www.wanted.co.kr/wd/225951
프론트엔드 개발자 (React Native),서플라이스,합격보상금 100만원,https://www.wanted.co.kr/wd/173444
React/React-native 개발자 (주임-전임연구원급/팀장급),인비저블아이디어,합격보상금 100만원,https://www.wanted.co.kr/wd/225161
[1900억↑투자] 시니어 웹 프론트엔드 엔지니어(React),피에프씨테크놀로지스,합격보상금 100만원,https://www.wanted.co.kr/wd/224237
프론트엔드 엔지니어 (React.js / 5년 이상),매스어답션,합격보상금 100만원,https://www.wanted.co.kr/wd/226171
커뮤니티 맵 스타트업 프론트엔드 개발자(React/React Native),밴플,합격보상금 100만원,https://www.wanted.co.kr/wd/226078
React Native 개발자,뱅크엑스,합격보상금 100만원,https://www.wanted.co.kr/wd/224620
[200억↑투자] 앱(React Native) 개발자 (전문연 가능),클라썸,합격보상금 100만원,https://www.wanted.co.kr/wd/31020
React.js (개발자~PM/PL 리더급),라이즌스퀘어,합격보상금 100만원,https://www.wanted.co.kr/wd/222389
FE 개발자(react native),스매시,합격보상금 100만원,https://www.wanted.co.kr/wd/205184
[100억↑투자] 프론트엔드(React) 개발자,해피문데이,합격보상금 100만원,https://www.wanted.co.kr/wd/226288
[100억↑투자] 프론트엔드 엔지니어(React Native),포스타입,합격보상금 100만원,https://www.wanted.co.kr/wd/226354
Sr. React Front-end Engineer,올거나이즈코리아(Allganize Korea),합격보상금 100만원,https://www.wanted.co.kr/wd/184032
ReactNative 개발자 (2년 이상),버브앤코,합격보상금 100만원,https://www.wanted.co.kr/wd/224987
React Native모바일 앱 개발자(5년 이상),모니모니,합격보상금 100만원,https://www.wanted.co.kr/wd/223217
React 프론트엔드 개발 (5~8년),만나컴퍼니,합격보상금 100만원,https://www.wanted.co.kr/wd/220817
React 기반 프론트엔드 개발자 PL급,에이엔드,합격보상금 100만원,https://www.wanted.co.kr/wd/221551
[100억↑투자] [자동차사업팀] React Native 앱개발자 (4년~6년),패스트뷰,합격보상금 100만원,https://www.wanted.co.kr/wd/215400
모바일 앱 개발자 (React Native),큐피스트(글램),합격보상금 100만원,https://www.wanted.co.kr/wd/117044
"풀스택 앱 개발 Angular, Node, React",에이치비엠피,합격보상금 100만원,https://www.wanted.co.kr/wd/222079
React Typescript / Flutter 개발자,에이로직,합격보상금 100만원,https://www.wanted.co.kr/wd/226170
"프론트엔드 파트장 (Typescript, React)",미스터블루,합격보상금 100만원,https://www.wanted.co.kr/wd/222400
"프론트엔드 개발자 (리더, React.js 6년 이상)",코딧(CODITCorp.),합격보상금 100만원,https://www.wanted.co.kr/wd/93806
(React Native) 모바일앱 개발자,먼치팩토리,합격보상금 100만원,https://www.wanted.co.kr/wd/194600
[울산 근무] 프론트엔드 엔지니어(React Native),타이로스코프,합격보상금 100만원,https://www.wanted.co.kr/wd/166293
React Native 개발자(Lead),네오사피엔스(타입캐스트),합격보상금 100만원,https://www.wanted.co.kr/wd/211848
React Native 개발자,피어테크(지닥),합격보상금 100만원,https://www.wanted.co.kr/wd/212045
(React Native) 모바일 앱 개발자 (4년 이상),그로들,합격보상금 100만원,https://www.wanted.co.kr/wd/224264
[100억↑투자] 프론트엔드 React.js(리액트) 개발자,와탭랩스(WhaTapLabs),합격보상금 100만원,https://www.wanted.co.kr/wd/170505
[100억↑투자] React Native Developer,아우름플래닛(Liner),합격보상금 100만원,https://www.wanted.co.kr/wd/203589
플랫폼개발팀 프론트엔드(React Native) 개발자,더즌(dozn),합격보상금 100만원,https://www.wanted.co.kr/wd/214698
[100억↑투자] 교육 PM [모바일 교육(React Native)],코드잇(codeit),합격보상금 100만원,https://www.wanted.co.kr/wd/217101
[3년이상] 프론트엔드 개발자 React/React Native/Node.js,렉스퍼,합격보상금 100만원,https://www.wanted.co.kr/wd/205183
"React, ReactNative 개발자",팹(PAP),합격보상금 100만원,https://www.wanted.co.kr/wd/136210
React Native 게임 개발자,마인드허브,합격보상금 100만원,https://www.wanted.co.kr/wd/213458
React Native Staff Engineer,알로카도스,합격보상금 100만원,https://www.wanted.co.kr/wd/140908
크로스플랫폼 개발자(React native),에이비제트,합격보상금 100만원,https://www.wanted.co.kr/wd/226832
Global 서비스 React Native 개발,숲(SOOP),합격보상금 100만원,https://www.wanted.co.kr/wd/126674
Senior Frontend Engineer (React),위펀(스낵24),합격보상금 100만원,https://www.wanted.co.kr/wd/169803
React 기반 Frontend 개발자,레인포컴퍼니,합격보상금 100만원,https://www.wanted.co.kr/wd/77145
코박(Cobak) 프론트엔드 개발자[3년 이상] (React),판도라티비,합격보상금 100만원,https://www.wanted.co.kr/wd/215741
프론트엔드 개발자 (React),그루우,합격보상금 100만원,https://www.wanted.co.kr/wd/196583
"프론트엔드 개발자(React, ReactRNative)",루먼랩,합격보상금 100만원,https://www.wanted.co.kr/wd/225822
[200억↑투자] 웹(React) 개발자 (전문연 가능),클라썸,합격보상금 100만원,https://www.wanted.co.kr/wd/195983
"웹 프론트엔드 개발자(React, 3년이상)",물류대장,합격보상금 100만원,https://www.wanted.co.kr/wd/90322
프론트엔드 엔지니어 (React),뮤즈라이브(Muzlive),합격보상금 100만원,https://www.wanted.co.kr/wd/221335
"프론트엔드 개발 엔지니어 (React, Flutter)",크로커스,합격보상금 100만원,https://www.wanted.co.kr/wd/223111
React / Next.js 웹개발자 (2년 이상),다이노즈,합격보상금 100만원,https://www.wanted.co.kr/wd/208965
React 프론트엔드 개발자 (3년 이상),누벤트,합격보상금 100만원,https://www.wanted.co.kr/wd/45003
프론트엔드 개발자(React / 4년이상),라바웨이브,합격보상금 100만원,https://www.wanted.co.kr/wd/225513
"[200억↑투자] 웹 프론트엔드 개발자(JavaScript, React) (서울)",페이타랩(패스오더),합격보상금 100만원,https://www.wanted.co.kr/wd/45651
(React) 프론트엔드 개발자,먼치팩토리,합격보상금 100만원,https://www.wanted.co.kr/wd/212971
React FrontEnd Developer,에이젠글로벌,합격보상금 100만원,https://www.wanted.co.kr/wd/115582
"프론트엔드 개발자 (Typescript, React)",미스터블루,합격보상금 100만원,https://www.wanted.co.kr/wd/204314
프론트엔드 웹 개발자 React.js / Next.js (1~3년),클라우드호스피탈,합격보상금 100만원,https://www.wanted.co.kr/wd/207121
React/React.Native 프론트엔드 개발자,솔로트립,합격보상금 100만원,https://www.wanted.co.kr/wd/218461
[500억↑투자] 프론트엔드 개발자 (React),아파트멘터리,합격보상금 100만원,https://www.wanted.co.kr/wd/165182
java/kotlin 시니어 개발,에스제이소프트,합격보상금 100만원,https://www.wanted.co.kr/wd/212445
[시크] Java / Kotlin 백엔드 개발자,팹(PAP),합격보상금 100만원,https://www.wanted.co.kr/wd/205880
[에어클래스] Kotlin/Spring Server Developer (3~5년차),큐리어슬리,합격보상금 100만원,https://www.wanted.co.kr/wd/94072
[1100억↑투자] Kotlin 백엔드 개발자 (3년 이상),알스퀘어,합격보상금 100만원,https://www.wanted.co.kr/wd/225196
Backend Engineer (Kotlin),코인원(coinone),합격보상금 100만원,https://www.wanted.co.kr/wd/171459
[400억↑투자] Backend Kotlin Developer [5년 이상],크몽(kmong),합격보상금 100만원,https://www.wanted.co.kr/wd/197273
공비서 자바/코틀린 개발자,헤렌,합격보상금 100만원,https://www.wanted.co.kr/wd/137441
[100억↑투자] Back-end Developer (Java/Kotlin),웨이브릿지,합격보상금 100만원,https://www.wanted.co.kr/wd/213950
java/kotlin 시니어 개발,에스제이소프트,합격보상금 100만원,https://www.wanted.co.kr/wd/212445
[시크] Java / Kotlin 백엔드 개발자,팹(PAP),합격보상금 100만원,https://www.wanted.co.kr/wd/205880
[에어클래스] Kotlin/Spring Server Developer (3~5년차),큐리어슬리,합격보상금 100만원,https://www.wanted.co.kr/wd/94072
[1100억↑투자] Kotlin 백엔드 개발자 (3년 이상),알스퀘어,합격보상금 100만원,https://www.wanted.co.kr/wd/225196
Backend Engineer (Kotlin),코인원(coinone),합격보상금 100만원,https://www.wanted.co.kr/wd/171459
[400억↑투자] Backend Kotlin Developer [5년 이상],크몽(kmong),합격보상금 100만원,https://www.wanted.co.kr/wd/197273
공비서 자바/코틀린 개발자,헤렌,합격보상금 100만원,https://www.wanted.co.kr/wd/137441
[100억↑투자] Back-end Developer (Java/Kotlin),웨이브릿지,합격보상금 100만원,https://www.wanted.co.kr/wd/213950
글로벌 해외송금 백엔드 개발자 (Java/Kotlin),센트비(Sentbe),합격보상금 100만원,https://www.wanted.co.kr/wd/199109
웹 개발자 -  백엔드 Java/Kotlin (3년이상),고요에이아이,합격보상금 100만원,https://www.wanted.co.kr/wd/196645
[인텔리전스랩스] 추천팀 백엔드 개발자 (Java/Kotlin),넥슨코리아(NEXON),합격보상금 100만원,https://www.wanted.co.kr/wd/209654
"백엔드 개발자 (Kotlin/Spring, 3년차~15년차)",스팬딧(Spendit),합격보상금 100만원,https://www.wanted.co.kr/wd/100640
Java/Kotlin Backend Engineer (상품전시개발실),무신사,합격보상금 100만원,https://www.wanted.co.kr/wd/189781
